[
    {
        "id": 1,
        "name": "Brazil",
        "birth_rate_per_1000": 16.405,
        "cell_phones_per_100": 90.01936334,
        "children_per_woman": 1.862,
        "electricity_consumption_per_capita": 2201.808724,
        "gdp_per_capita": 4424.758692,
        "gdp_per_capita_growth": -1.520402823,
        "inflation_annual": 8.228535058,
        "internet_user_per_100": 39.22,
        "life_expectancy": 74,
        "military_expenditure_percent_of_gdp": 1.615173655,
        "gps_lat": -14.235004,
        "gps_long": -51.92528
    },
    {
        "id": 2,
        "name": "Canada",
        "birth_rate_per_1000": 10.625,
        "cell_phones_per_100": 70.70997244,
        "children_per_woman": 1.668,
        "electricity_consumption_per_capita": 15119.76414,
        "gdp_per_capita": 25069.86915,
        "gdp_per_capita_growth": -3.953353186,
        "inflation_annual": 2.944408564,
        "internet_user_per_100": 80.17086651,
        "life_expectancy": 80.9,
        "military_expenditure_percent_of_gdp": 1.415710422,
        "gps_lat": 56.130366,
        "gps_long": -106.346771
    },
    {
        "id": 3,
        "name": "Chile",
        "birth_rate_per_1000": 15.04,
        "cell_phones_per_100": 97.01862561,
        "children_per_woman": 1.873,
        "electricity_consumption_per_capita": 3276.06449,
        "gdp_per_capita": 6451.631126,
        "gdp_per_capita_growth": -2.610485847,
        "inflation_annual": 7.47050527,
        "internet_user_per_100": 38.8,
        "life_expectancy": 78.8,
        "military_expenditure_percent_of_gdp": 3.064076139,
        "gps_lat": -35.675147,
        "gps_long": 71.542969
    },
    {
        "id": 4,
        "name": "China",
        "birth_rate_per_1000": 13.536,
        "cell_phones_per_100": 55.97490921,
        "children_per_woman": 1.642,
        "electricity_consumption_per_capita": 2632.724637,
        "gdp_per_capita": 2208.403948,
        "gdp_per_capita_growth": 8.648414427,
        "inflation_annual": 6.684109668,
        "internet_user_per_100": 28.97659939,
        "life_expectancy": 75.6,
        "military_expenditure_percent_of_gdp": 2.24110794,
        "gps_lat": 35.86166,
        "gps_long": 104.195397
    },
    {
        "id": 5,
        "name": "Colombia",
        "birth_rate_per_1000": 20.605,
        "cell_phones_per_100": 92.34584564,
        "children_per_woman": 2.405,
        "electricity_consumption_per_capita": 1041.994137,
        "gdp_per_capita": 3137.695335,
        "gdp_per_capita_growth": 0.2081538559,
        "inflation_annual": 3.666941163,
        "internet_user_per_100": 30,
        "life_expectancy": 75.3,
        "military_expenditure_percent_of_gdp": 3.833780372,
        "gps_lat": 4.570868,
        "gps_long": -74.297333
    },
    {
        "id": 6,
        "name": "Ecuador",
        "birth_rate_per_1000": 20.989,
        "cell_phones_per_100": 92.84925653,
        "children_per_woman": 2.69,
        "electricity_consumption_per_capita": 1078.038961,
        "gdp_per_capita": 1692.067197,
        "gdp_per_capita_growth": -1.079538461,
        "inflation_annual": 7.595866872,
        "internet_user_per_100": 24.6,
        "life_expectancy": 74.1,
        "military_expenditure_percent_of_gdp": 3.746501879,
        "gps_lat": -1.831239,
        "gps_long": -78.183406
    },
    {
        "id": 7,
        "name": "Egypt",
        "birth_rate_per_1000": 24.83,
        "cell_phones_per_100": 69.43661504,
        "children_per_woman": 2.919,
        "electricity_consumption_per_capita": 1607.918763,
        "gdp_per_capita": 1911.964501,
        "gdp_per_capita_growth": 2.856917581,
        "inflation_annual": 10.10750976,
        "internet_user_per_100": 24.28,
        "life_expectancy": 70.2,
        "military_expenditure_percent_of_gdp": 2.137305699,
        "gps_lat": 26.820553,
        "gps_long": 30.802498
    },
    {
        "id": 8,
        "name": "Finland",
        "birth_rate_per_1000": 11.127,
        "cell_phones_per_100": 144.1530224,
        "children_per_woman": 1.86,
        "electricity_consumption_per_capita": 15241.61194,
        "gdp_per_capita": 26205.68832,
        "gdp_per_capita_growth": -8.791558776,
        "inflation_annual": 0.4277308694,
        "internet_user_per_100": 82.53133098,
        "life_expectancy": 79.7,
        "military_expenditure_percent_of_gdp": 1.501872268,
        "gps_lat": 61.92411,
        "gps_long": 25.748151
    },
    {
        "id": 9,
        "name": "France",
        "birth_rate_per_1000": 12.21,
        "cell_phones_per_100": 95.44434226,
        "children_per_woman": 1.978,
        "electricity_consumption_per_capita": 7339.946832,
        "gdp_per_capita": 22508.76261,
        "gdp_per_capita_growth": -3.264056248,
        "inflation_annual": 1.050366124,
        "internet_user_per_100": 69.0633593,
        "life_expectancy": 81,
        "military_expenditure_percent_of_gdp": 2.55313249,
        "gps_lat": 46.227638,
        "gps_long": 2.213749
    },
    {
        "id": 10,
        "name": "Germany",
        "birth_rate_per_1000": 8.136,
        "cell_phones_per_100": 127.4188883,
        "children_per_woman": 1.376,
        "electricity_consumption_per_capita": 6753.05764,
        "gdp_per_capita": 24368.19561,
        "gdp_per_capita_growth": -4.886323581,
        "inflation_annual": 0.5959234322,
        "internet_user_per_100": 79.48523153,
        "life_expectancy": 80,
        "military_expenditure_percent_of_gdp": 1.438871341,
        "gps_lat": 51.165691,
        "gps_long": 10.451526
    },
    {
        "id": 11,
        "name": "Iceland",
        "birth_rate_per_1000": 14.738,
        "cell_phones_per_100": 107.6604456,
        "children_per_woman": 2.123,
        "electricity_consumption_per_capita": 51259.18763,
        "gdp_per_capita": 35310.97441,
        "gdp_per_capita_growth": -6.990418561,
        "inflation_annual": 6.900703626,
        "internet_user_per_100": 92.13686385,
        "life_expectancy": 82.2,
        "military_expenditure_percent_of_gdp": 0.0820538039,
        "gps_lat": 64.963051,
        "gps_long": -19.020835
    },
    {
        "id": 12,
        "name": "Iraq",
        "birth_rate_per_1000": 31.585,
        "cell_phones_per_100": 65.47478839,
        "children_per_woman": 4.276,
        "electricity_consumption_per_capita": 1086.323768,
        "gdp_per_capita": 752.1833548,
        "gdp_per_capita_growth": 1.141874289,
        "inflation_annual": 25.22442136,
        "internet_user_per_100": 1.047516616,
        "life_expectancy": 68.1,
        "military_expenditure_percent_of_gdp": 4.621383386,
        "gps_lat": 33.223191,
        "gps_long": 43.679291
    },
    {
        "id": 13,
        "name": "Japan",
        "birth_rate_per_1000": 8.201,
        "cell_phones_per_100": 91.8955442,
        "children_per_woman": 1.359,
        "electricity_consumption_per_capita": 7838.005685,
        "gdp_per_capita": 38242.02429,
        "gdp_per_capita_growth": -6.180260885,
        "inflation_annual": -2.08543109,
        "internet_user_per_100": 77.38468963,
        "life_expectancy": 82.8,
        "military_expenditure_percent_of_gdp": 1.019445017,
        "gps_lat": 36.204824,
        "gps_long": 138.252924
    },
    {
        "id": 14,
        "name": "Kazakhstan",
        "birth_rate_per_1000": 19.775,
        "cell_phones_per_100": 107.7147692,
        "children_per_woman": 2.537,
        "electricity_consumption_per_capita": 4447.142293,
        "gdp_per_capita": 2345.86415,
        "gdp_per_capita_growth": -1.437812068,
        "inflation_annual": 19.5422854,
        "internet_user_per_100": 17.91457965,
        "life_expectancy": 66.6,
        "military_expenditure_percent_of_gdp": 1.105385125,
        "gps_lat": 48.019573,
        "gps_long": 66.923684
    },
    {
        "id": 15,
        "name": "Mexico",
        "birth_rate_per_1000": 19.091,
        "cell_phones_per_100": 74.25785259,
        "children_per_woman": 2.313,
        "electricity_consumption_per_capita": 1869.82352,
        "gdp_per_capita": 5875.619997,
        "gdp_per_capita_growth": -7.417438847,
        "inflation_annual": 4.033645258,
        "internet_user_per_100": 26.34,
        "life_expectancy": 75.5,
        "military_expenditure_percent_of_gdp": 0.5396656609,
        "gps_lat": 23.634501,
        "gps_long": -102.552784
    },
    {
        "id": 16,
        "name": "New Zealand",
        "birth_rate_per_1000": 13.831,
        "cell_phones_per_100": 108.7301521,
        "children_per_woman": 2.125,
        "electricity_consumption_per_capita": 9375.550304,
        "gdp_per_capita": 14778.16393,
        "gdp_per_capita_growth": -1.552308788,
        "inflation_annual": 3.486782259,
        "internet_user_per_100": 79.82609287,
        "life_expectancy": 80.3,
        "military_expenditure_percent_of_gdp": 1.140562366,
        "gps_lat": -40.900557,
        "gps_long": 174.885971
    },
    {
        "id": 17,
        "name": "Nigeria",
        "birth_rate_per_1000": 40.134,
        "cell_phones_per_100": 48.23561006,
        "children_per_woman": 6.021,
        "electricity_consumption_per_capita": 119.8151486,
        "gdp_per_capita": 513.5003377,
        "gdp_per_capita_growth": 4.3526073,
        "inflation_annual": 9.313146383,
        "internet_user_per_100": 20,
        "life_expectancy": 58.5,
        "military_expenditure_percent_of_gdp": 0.8924302789,
        "gps_lat": 9.081999,
        "gps_long": 8.675277
    },
    {
        "id": 18,
        "name": "Peru",
        "birth_rate_per_1000": 21.342,
        "cell_phones_per_100": 85.86901405,
        "children_per_woman": 2.545,
        "electricity_consumption_per_capita": 1043.052601,
        "gdp_per_capita": 2955.186222,
        "gdp_per_capita_growth": -0.2228977721,
        "inflation_annual": 4.49134447,
        "internet_user_per_100": 31.4,
        "life_expectancy": 76.7,
        "military_expenditure_percent_of_gdp": 1.348875763,
        "gps_lat": -9.189967,
        "gps_long": -75.015152
    },
    {
        "id": 19,
        "name": "Russia",
        "birth_rate_per_1000": 10.828,
        "cell_phones_per_100": 161.1162887,
        "children_per_woman": 1.537,
        "electricity_consumption_per_capita": 6132.978648,
        "gdp_per_capita": 2806.41483,
        "gdp_per_capita_growth": -7.749103694,
        "inflation_annual": 11.60398093,
        "internet_user_per_100": 29.23584146,
        "life_expectancy": 68.3,
        "military_expenditure_percent_of_gdp": 4.36259042,
        "gps_lat": 61.52401,
        "gps_long": 105.318756
    },
    {
        "id": 20,
        "name": "Saudi Arabia",
        "birth_rate_per_1000": 23.569,
        "cell_phones_per_100": 167.3474553,
        "children_per_woman": 2.898,
        "electricity_consumption_per_capita": 7430.743897,
        "gdp_per_capita": 9294.355996,
        "gdp_per_capita_growth": -2.242127204,
        "inflation_annual": 14.36222827,
        "internet_user_per_100": 38,
        "life_expectancy": 77.6,
        "military_expenditure_percent_of_gdp": 10.95653405,
        "gps_lat": 23.885942,
        "gps_long": 45.079162
    },
    {
        "id": 21,
        "name": "South Africa",
        "birth_rate_per_1000": 22.113,
        "cell_phones_per_100": 93.33587369,
        "children_per_woman": 2.5,
        "electricity_consumption_per_capita": 4532.021902,
        "gdp_per_capita": 3697.67368,
        "gdp_per_capita_growth": -2.732989408,
        "inflation_annual": 7.861608575,
        "internet_user_per_100": 10.08745979,
        "life_expectancy": 55.8,
        "military_expenditure_percent_of_gdp": 1.394530379,
        "gps_lat": -30.559482,
        "gps_long": 22.937506
    },
    {
        "id": 22,
        "name": "Sweden",
        "birth_rate_per_1000": 11.72,
        "cell_phones_per_100": 112.1241184,
        "children_per_woman": 1.937,
        "electricity_consumption_per_capita": 14143.01101,
        "gdp_per_capita": 30885.45914,
        "gdp_per_capita_growth": -5.976535294,
        "inflation_annual": 1.022227082,
        "internet_user_per_100": 91.12326108,
        "life_expectancy": 81.2,
        "military_expenditure_percent_of_gdp": 1.247701873,
        "gps_lat": 60.128161,
        "gps_long": 18.643501
    },
    {
        "id": 23,
        "name": "United Arab Emirates",
        "birth_rate_per_1000": 14.027,
        "cell_phones_per_100": 153.7997194,
        "children_per_woman": 1.903,
        "electricity_consumption_per_capita": 9998.291079,
        "gdp_per_capita": 22507.00157,
        "gdp_per_capita_growth": -11.99171952,
        "inflation_annual": 8.549032358,
        "internet_user_per_100": 64,
        "life_expectancy": 76.1,
        "military_expenditure_percent_of_gdp": 5.834881976,
        "gps_lat": 23.424076,
        "gps_long": 53.847818
    },
    {
        "id": 24,
        "name": "United Kingdom",
        "birth_rate_per_1000": 12.195,
        "cell_phones_per_100": 130.1742603,
        "children_per_woman": 1.89,
        "electricity_consumption_per_capita": 5685.635995,
        "gdp_per_capita": 27933.77767,
        "gdp_per_capita_growth": -5.019251823,
        "inflation_annual": 2.861406642,
        "internet_user_per_100": 77.79971962,
        "life_expectancy": 79.7,
        "military_expenditure_percent_of_gdp": 2.667209048,
        "gps_lat": 52.3555177,
        "gps_long": -1.1743197
    },
    {
        "id": 25,
        "name": "United States",
        "birth_rate_per_1000": 14.191,
        "cell_phones_per_100": 89.14911634,
        "children_per_woman": 2.002,
        "electricity_consumption_per_capita": 12913.71143,
        "gdp_per_capita": 36539.22823,
        "gdp_per_capita_growth": -4.342271218,
        "inflation_annual": 1.152326348,
        "internet_user_per_100": 71.21181627,
        "life_expectancy": 78.3,
        "military_expenditure_percent_of_gdp": 4.822730027,
        "gps_lat": 37.09024,
        "gps_long": -95.712891
    }
]